site_id,lat,lon,tier
J0,37.38171259999997,-122.0656985,3
J1,37.40160349999999,-122.1119777,3
J2,37.3700686,-122.08100989999998,4
J3,37.40258780000002,-122.11111870000002,4
J4,37.395021999999976,-122.07947130000001,3
J5,37.39506469999998,-122.0794465,3
J6,37.39303679999998,-122.077359,3
J7,37.392939000000034,-122.07743080000002,3
J8,37.393661600000016,-122.0769506,3
J9,37.39349809999998,-122.077056,3
J10,37.42961449999998,-122.07372460000002,3
J11,37.404256299999965,-122.1112317,5
J12,37.40522844444314,-122.08315588232044,3
J13,37.40006145129772,-122.07715656416138,5
J14,37.4196815089193,-122.07406603554928,5
J15,37.42342658525599,-122.07377621579968,3
J16,37.39518313660417,-122.09266436500174,5
J17,37.39369698541074,-122.09657057733061,3
J18,37.393988784531295,-122.09706621590678,3
J19,37.410597055330506,-122.07065049930785,4
J20,37.42474816912317,-122.07951627884611,3
J21,37.39334457514768,-122.05241976596974,3
J22,37.39953219987966,-122.0457762344808,3
J23,37.39809502301104,-122.04911835855219,3
J24,37.40093596824905,-122.0539120065348,3
J25,37.40115786072887,-122.05693882637675,3
J26,37.411540268824844,-122.0730303917026,3
J27,37.3812478705794,-122.06228593559489,3
J28,37.37264893050751,-122.08238110798051,3
J29,37.429909023219224,-122.07725724032122,3
J30,37.37275706442873,-122.0793578680227,3
J31,37.389813627196794,-122.08620215957683,3
J32,37.370677040111154,-122.08091478342621,3
J33,37.423194873537994,-122.0875288470451,5
J34,37.42284328877935,-122.0869855436182,5
J35,37.42167745699616,-122.08783827289787,5
J36,37.42195244844969,-122.08699990283345,5
J37,37.42140439265751,-122.08412093499112,5
J38,37.42002957813344,-122.08113461153616,5
J39,37.39474557134752,-122.0793685359079,4
J40,37.39338170692255,-122.08024935898715,1
J41,37.39376252294548,-122.07504134114194,3
J42,37.392938430425325,-122.07848174402775,1
J43,37.36821953390655,-122.07857530387193,3
J44,37.36071907808022,-122.0657352280692,3
J45,37.3604769361859,-122.06386225915124,3
J46,37.37322329913645,-122.08642194099922,3
J47,37.370633147605304,-122.08802634192878,3
J48,37.37589528075545,-122.06300496782171,3
J49,37.37529896849619,-122.06395349357238,5
J50,37.425337756645725,-122.07305344639097,3
J51,37.36860408275676,-122.08670954111967,3
J52,37.37125425114718,-122.09392085296476,3
J53,37.370629071828326,-122.08303880740537,4
J54,37.38851757822835,-122.08605480181899,3
J55,37.3903576328957,-122.0801021015234,3
J56,37.38538019980862,-122.08748039414385,3
J57,37.38999502600412,-122.06674771664596,3
J58,37.401264375824866,-122.09479224403503,3
J59,37.40211927954966,-122.0964447037398,3
J60,37.40050694903162,-122.09782709614196,3
J61,37.37607198122853,-122.06561713676727,4
J62,37.39161568218021,-122.0792484980955,3
J63,37.39408671823578,-122.08108694193385,3
J64,37.43250223766161,-122.08755277346737,3
J65,37.372349622483824,-122.08775370634105,3
J66,37.43174969778464,-122.08361015643611,3
J67,37.426726887031116,-122.07023500134345,3
J68,37.4242080748814,-122.07890933823258,3
J69,37.42525687262078,-122.07144263530101,3
J70,37.427899089443976,-122.07136911496261,3
J71,37.408708536085754,-122.06452987306731,3
J72,37.39644069578007,-122.10117321888859,3
J73,37.39585491779164,-122.09929381179245,5
J74,37.394365615595426,-122.09623197021475,3
J75,37.394028954963105,-122.09561671286187,3
J76,37.394382183432555,-122.0954408976305,3
J77,37.39606252152276,-122.10136785477206,3
J78,37.3964241737344,-122.10231537628859,3
J79,37.39453316266187,-122.05420108665398,3
J80,37.39851254321449,-122.05611191928251,3
J81,37.397180415142884,-122.05225169960126,3
J82,37.39734607109,-122.05483560237921,3
J83,37.40368178367682,-122.05575405696815,3
J84,37.402309318141356,-122.0558407672822,3
J85,37.40005923603336,-122.04811429529752,4
J86,37.40293484780956,-122.06660007911546,5
J87,37.39228538688862,-122.0778181914463,3
J88,37.422453420185,-122.09699550640681,3
J89,37.421363698297164,-122.09963277574211,3
J90,37.42015424075492,-122.09461561094312,3
J91,37.42036139080086,-122.09875886829523,5
J92,37.41860701422786,-122.09913176286425,5
J93,37.42141751038891,-122.09748470092411,3
J94,37.42060085508597,-122.09753969847378,5
J95,37.420528080547875,-122.09321363094668,5
J96,37.41999997229448,-122.0983976454761,3
J97,37.41987487484991,-122.0975469862737,3
J98,37.4242076339408,-122.0978462773209,3
J99,37.4210123341972,-122.10072874373711,5
J100,37.41427148447168,-122.09319318261747,3
J101,37.41411300765847,-122.08957073737585,5
J102,37.4225973111463,-122.08894023454259,5
J103,37.4232150666087,-122.08867359148064,5
J104,37.41829081713823,-122.09025114895086,5
J105,37.41785373816101,-122.0917860031524,5
J106,37.418611048105234,-122.09184883647465,3
J107,37.42078530860246,-122.09113613867964,5
J108,37.4212623369787,-122.0913814581394,5
J109,37.421476191499984,-122.08955954100836,5
J110,37.421800727611036,-122.09097568530012,5
J111,37.42301692411809,-122.09064715439717,5
J112,37.42232258902325,-122.08979557675575,5
J113,37.41940021610836,-122.08609825225422,5
J114,37.41967609857111,-122.08565737048201,5
J115,37.42040730868584,-122.08565819541015,5
J116,37.420696566918565,-122.0860427976573,5
J117,37.41999433147127,-122.08647317752558,5
J118,37.41742912934734,-122.08566716524433,5
J119,37.416929868413376,-122.08601705603492,5
J120,37.4183543316475,-122.08566858970411,5
J121,37.41822464864923,-122.08636138984224,5
J122,37.42053048664033,-122.083527401067,5
J123,37.42059154697613,-122.08473022656536,5
J124,37.41947665763995,-122.08436544370613,5
J125,37.41731907555037,-122.08346143804056,5
J126,37.4174044694872,-122.08482806240991,5
J127,37.41813019838807,-122.08204161489006,5
J128,37.41976790466485,-122.08262380231652,5
J129,37.41951363903495,-122.0817935280811,5
J130,37.41715799231666,-122.08079499675708,5
J131,37.41761761644758,-122.08148789199836,5
J132,37.41689235485508,-122.08171477973382,5
J133,37.41725671033649,-122.08263226606212,5
J134,37.41907312573469,-122.08007950999817,5
J135,37.418907059695776,-122.07941506260217,5
J136,37.41983441037838,-122.07840212621522,5
J137,37.4200846738847,-122.07926305452035,5
J138,37.419088463320826,-122.07891396193605,5
J139,37.41825040642201,-122.07885678769495,5
J140,37.418686901055935,-122.07900235275007,5
J141,37.416957798096384,-122.07903625648198,5
J142,37.417236108914246,-122.0787790064277,5
J143,37.41740270020639,-122.08017691440224,5
J144,37.417602019784646,-122.07887543803257,5
J145,37.416672569268826,-122.07831173242019,5
J146,37.41671335227856,-122.07917183191829,5
J147,37.42456676839835,-122.0927418661334,5
J148,37.42297999089855,-122.09208935515888,5
J149,37.42310560116223,-122.09327015196573,5
J150,37.42404035987444,-122.09109807051031,5
J151,37.424608280575725,-122.09383504082535,5
J152,37.425705776280694,-122.09631382088253,5
J153,37.42727993596405,-122.09696355479554,5
J154,37.42724443036559,-122.09587417444773,5
J155,37.4248700681909,-122.0952860989879,5
J156,37.42440376191677,-122.09587546508291,5
J157,37.42638667474659,-122.095240544702,5
J158,37.42545028816522,-122.09447840171198,5
J159,37.4235277422675,-122.09447544695459,5
J160,37.414206804361065,-122.07635056493352,3
J161,37.415174594868375,-122.07738066749276,3
J162,37.420723257507326,-122.07121828352564,5
J163,37.389136861994814,-122.08091596145852,4
J164,37.38828225902966,-122.08313215376677,3
J165,37.39372868853711,-122.07723520211185,1
J166,37.40537810202709,-122.09721462784884,3
J167,37.39264993813976,-122.09509600280286,3
J168,37.39209157743465,-122.08104679050852,5
J169,37.38900296844845,-122.08254649064862,3
J170,37.38874050020906,-122.08112189972256,3
J171,37.38771489301112,-122.08233206929849,3
J172,37.39122427803919,-122.08236145480691,3
J173,37.38231719563526,-122.06862588361685,3
J174,37.400181197156435,-122.06669579471318,3
J175,37.413974795620334,-122.07949384719348,5
J176,37.41549082377308,-122.07995837672381,3
J177,37.42852095692696,-122.07948048475299,3
J178,37.43186975314275,-122.08753819644487,3
J179,37.431145717593935,-122.08597529850462,3
J180,37.43131147706439,-122.08466201308771,3
J181,37.389834538639974,-122.08391117923144,3
J182,37.3994170974842,-122.07494155194382,3
J183,37.38081875949891,-122.07183221202278,5
J184,37.380780546815636,-122.0712478496092,5
J185,37.394918536914034,-122.05477696404492,3
J186,37.39480355623046,-122.05318655157294,3
J187,37.38969253770974,-122.0698456141279,3
J188,37.390711811226936,-122.07203250615309,3
J189,37.39108357188818,-122.07167524439967,3
J190,37.39060189622448,-122.07079942556668,3
J191,37.38876570172761,-122.07126292483163,3
J192,37.389623195928614,-122.07077306960807,3
J193,37.38913063027338,-122.07101676963259,3
J194,37.40220705657907,-122.11242839616169,3
J195,37.403842479646,-122.06005645557299,5
J196,37.403883976581916,-122.06022806724226,5
J197,37.40444073788338,-122.05982105070977,5
J198,37.3739582272775,-122.08627556443066,3
J199,37.38222978460552,-122.08502407188479,3
J200,37.37482077481552,-122.08613973326621,3
J201,37.400272621426474,-122.11062101064623,3
J202,37.401199347633906,-122.10670736217928,3
J203,37.40291762477403,-122.10710215020688,3
J204,37.400813008846306,-122.11149377579164,3
J205,37.40412496828678,-122.10780739218872,3
J206,37.40194824669199,-122.11048149941774,3
J207,37.40328839676139,-122.10936020433753,3
J208,37.39401171279466,-122.07798779066592,1
J209,37.40131103753877,-122.11241634934014,3
J210,37.40402959585911,-122.09755265396262,3
J211,37.38000780033316,-122.07501014946068,3
J212,37.37908921410858,-122.07479669589294,3
J213,37.4027518053107,-122.07890566594905,3
J214,37.395170916597976,-122.09980027475493,3
J215,37.39555627307097,-122.09950148745484,3
J216,37.39053784831724,-122.0951852344047,3
J217,37.37768863540171,-122.07591531653361,3
J218,37.391453857590925,-122.07298270550527,3
J219,37.39122494836445,-122.07220283154082,3
J220,37.39133639214921,-122.0727522377142,3
J221,37.39243420405317,-122.06365017941124,3
J222,37.392941517512384,-122.06294890311959,3
J223,37.39403824987334,-122.06298645024552,3
J224,37.3947681508361,-122.06279183104739,3
J225,37.392282777607676,-122.06370825704543,3
J226,37.395140132255435,-122.06264750099565,3
J227,37.39435515022954,-122.06270104983564,3
J228,37.39447321893933,-122.06266242006058,3
J229,37.426263391586524,-122.07608064442502,3
J230,37.427310465730976,-122.07684486931954,3
J231,37.39250556422876,-122.07658972575557,3
J232,37.38130507406793,-122.07427391940485,3
J233,37.38162223748232,-122.0740462196741,3
J234,37.404070192750275,-122.07601397902565,5
J235,37.40307205159865,-122.05439329583612,3
J236,37.39385586646949,-122.05985836787951,3
J237,37.39499104840688,-122.06135979338198,3
J238,37.395898218720156,-122.05131713197214,5
J239,37.380040385162125,-122.09479594291878,3
J240,37.3985472511824,-122.07288481112754,5
J241,37.399135297071076,-122.0714483883247,5
J242,37.39949694864009,-122.07277862478698,5
J243,37.397966675891965,-122.0703253128875,5
J244,37.399190391132116,-122.0738443203947,5
J245,37.40439580636928,-122.1050581767498,3
J246,37.40351270205406,-122.10412343891844,5
J247,37.40055023859875,-122.0556286349961,5
J248,37.391792413484765,-122.05922489659817,3
J249,37.37536500430867,-122.06229061255807,3
J250,37.3756932685795,-122.06194631119409,3
J251,37.375274349129604,-122.06170878245378,3
J252,37.3754187001281,-122.06122919999635,3
J253,37.40224810568291,-122.11384515178844,3
J254,37.40956483352539,-122.10614990478933,5
J255,37.4102282432768,-122.10619276320313,3
J256,37.40773681475338,-122.10413266916646,3
J257,37.40784224571174,-122.10628766598109,3
J258,37.403355370523094,-122.11156350713027,3
J259,37.400948079451275,-122.04640865606756,5
J260,37.40251408570673,-122.04731962059047,5
J261,37.401952882790134,-122.06620869265518,3
J262,37.40188640000962,-122.06584595000099,3
J263,37.40187254998541,-122.06566705001786,3
J264,37.40184648177102,-122.06546464612772,3
J265,37.40200904993349,-122.06532895006211,3
J266,37.401623600225804,-122.06717690011004,3
J267,37.366138997451486,-122.0874973002711,3
J268,37.39951340006687,-122.08638574991255,5
J269,37.400166449786575,-122.0880993002732,5
J270,37.41267594994854,-122.09041814995838,3
J271,37.40070134256197,-122.07707129567135,5
J272,37.400703399804414,-122.08794625025544,5
J273,37.399628889662615,-122.08631248487906,5
J274,37.40048622225047,-122.0808786704667,5
J275,37.40037205010834,-122.08081479996581,5
J276,37.40681502685325,-122.09118703406067,3
J277,37.40084094407857,-122.1116886311452,4
J278,37.39688869993103,-122.10025156095664,5
J279,37.39670980000192,-122.09979823724794,5
J280,37.39652365018178,-122.09932294975356,5
J281,37.397061300178244,-122.10068894976122,5
J282,37.40135410002682,-122.07958350000034,5
J283,37.404944253052456,-122.09509291775035,3
J284,37.38744032029936,-122.08906945043503,3
J285,37.4019658100603,-122.09202663576028,3
J286,37.401358726259346,-122.0913357332733,3
J287,37.40135721211206,-122.0906679410365,3
J288,37.391662852571336,-122.07124431048865,3
J289,37.391384300014764,-122.07059450005077,3
J290,37.39149308760358,-122.07090835296917,3
J291,37.41985641785982,-122.0644666683916,3
J292,37.40369585545656,-122.08322115428355,3
J293,37.405762506496,-122.08489785670328,3
J294,37.399989477049274,-122.08366670991396,3
J295,37.40000635136692,-122.08443065795447,3
J296,37.40040880749622,-122.08804035336726,3
J297,37.401219957389976,-122.08765687072112,5
J298,37.40044929991021,-122.08283979999491,5
J299,37.403251808201034,-122.08424895776638,3
J300,37.39832213504511,-122.08344066157272,3
J301,37.398681393882654,-122.08453764670426,3
J302,37.39887866491232,-122.08515417398081,3
J303,37.39882330000485,-122.0850052500101,3
J304,37.39901655001324,-122.08395270003446,3
J305,37.40388702336356,-122.05842126710321,5
J306,37.38874645837656,-122.08927573208778,3
J307,37.40609913665117,-122.09522781359811,5
J308,37.40597466612616,-122.09493378353906,5
J309,37.41726755000086,-122.09697025000577,3
J310,37.41548326196085,-122.09711798127266,3
J311,37.41648873017802,-122.09700656952703,3
J312,37.41985690089929,-122.09673256957235,3
J313,37.40746304017033,-122.10844815029735,4
J314,37.399642225006595,-122.077744490584,5
J315,37.40044840016486,-122.07773999999827,5
J316,37.40040140803989,-122.07874468571391,3
J317,37.40086513808027,-122.07850439456442,3
J318,37.39714998040262,-122.07851929400431,3
J319,37.40057424253244,-122.07762628709581,5
J320,37.40215435787088,-122.07871974183185,3
J321,37.42119594822038,-122.07594694417797,5
J322,37.421238754641536,-122.07258157210684,5
J323,37.42123297435846,-122.07019551919423,5
J324,37.42163740108293,-122.07150023086905,5
J325,37.400482297926565,-122.08071686940525,5
J326,37.40148547258017,-122.0810693959416,5
J327,37.40180270366466,-122.07998379865924,3
J328,37.39974887012431,-122.11003908849412,3
J329,37.39993364897359,-122.10978738918304,3
J330,37.419129005655805,-122.08077373794707,5
J331,37.38055913087938,-122.07038874025626,3
J332,37.38028034023233,-122.0686596483431,3
J333,37.41105240500795,-122.09372903358974,3
J334,37.39929476828049,-122.08052981902503,5
J335,37.4001593504308,-122.0801085707606,5
J336,37.39920160254062,-122.07951505054864,5
J337,37.39991210003657,-122.07913398644325,5
J338,37.39908945001187,-122.07836105001132,5
J339,37.39866884632798,-122.07843997958288,5
J340,37.39778691094947,-122.07547144561573,3
J341,37.397436600010806,-122.07633630000849,3
J342,37.39750175302909,-122.07687671823179,3
J343,37.39699545512415,-122.07665205822062,3
J344,37.39649827568375,-122.07700656529528,3
J345,37.39570472080563,-122.07726387783697,3
J346,37.39832763031671,-122.07877528347656,5
J347,37.38956247716835,-122.08061469930794,3
J348,37.400715150036405,-122.10304624995622,3
J349,37.384774798644166,-122.08349376197786,3
J350,37.3891996449782,-122.0659554014378,3
J351,37.389794734379294,-122.06565680965001,3
J352,37.430271293897476,-122.09812233323144,5
J353,37.408405500023534,-122.09831839995705,3
J354,37.40856669862604,-122.09798786111935,3
J355,37.40929712181405,-122.09791756830278,3
J356,37.369609570005004,-122.07289408898943,3
J357,37.43186856818937,-122.09576592699506,5
J358,37.43001384555517,-122.09551007846247,5
J359,37.42874168325099,-122.09593054581259,5
J360,37.426974510951915,-122.09448180336923,3
J361,37.42659807517293,-122.09375708528951,3
J362,37.41854630079252,-122.09082046373571,3
J363,37.419180408537045,-122.09136021962183,3
J364,37.41910484837826,-122.09256479863932,3
J365,37.41927812540203,-122.09209061732447,3
J366,37.41833126225556,-122.09122949147948,3
J367,37.398855173357695,-122.09493973805222,5
J368,37.394370881602725,-122.08306195859377,5
J369,37.396413360604875,-122.0957811198377,5
J370,37.395963289750455,-122.09605286138228,5
J371,37.39621767985791,-122.09651416856796,5
J372,37.395834189076325,-122.09563653376293,5
J373,37.39622529999413,-122.09538300012022,5
J374,37.418525584481884,-122.08970020334196,3
J375,37.41809151804329,-122.08940761549302,3
J376,37.41785639843603,-122.08945432738741,5
J377,37.395904415884736,-122.08007235296864,3
J378,37.39990530453757,-122.074169627222,3
J379,37.37890791185287,-122.0827803950039,5
J380,37.37907705118888,-122.08146167214588,5
J381,37.39888480652519,-122.07584030107321,3
J382,37.40261946273753,-122.09813238958043,3
J383,37.43127611148256,-122.09751594558948,5
J384,37.431820528562476,-122.09781454834362,5
J385,37.42982667988973,-122.09739406886531,5
J386,37.430437297077184,-122.09672125714403,5
J387,37.43063432726236,-122.09668245251935,5
J388,37.42921533777226,-122.09708191503675,5
J389,37.43126533726446,-122.09683384949548,5
J390,37.400350781495206,-122.09976570896009,3
J391,37.418523473852886,-122.07256738512493,3
J392,37.418141790111825,-122.07201968677606,3
J393,37.42271138573631,-122.085103921133,5
J394,37.401053696112214,-122.04684137404819,5
J395,37.40195007581848,-122.04744044673244,5
J396,37.40282707658504,-122.04806421330379,5
J397,37.37969476662705,-122.07284217604413,3
J398,37.40135940010756,-122.04724394992363,5
J399,37.40222221462724,-122.04781770944321,5
J400,37.40238396840345,-122.0477614338277,5
J401,37.414517741843646,-122.08884227909142,3
J402,37.41471952889034,-122.08792290471506,3
J403,37.41457056123341,-122.08692503269633,3
J404,37.41371579351819,-122.08693005533164,3
J405,37.41374140399362,-122.0875285976524,5
J406,37.41397275310331,-122.08761777474508,3
J407,37.38796120221427,-122.08784656678637,3
J408,37.388336270208335,-122.08977710930787,3
J409,37.38779625670645,-122.08890035452094,3
J410,37.38766498441557,-122.08944845555138,3
J411,37.41368876182995,-122.08799263865437,3
J412,37.41362183926977,-122.08848625839997,3
J413,37.413696049485964,-122.08943048735135,3
J414,37.414868813115206,-122.08992670074922,3
J415,37.41458965911047,-122.09022830191682,3
J416,37.40428247023711,-122.10976355075431,3
J417,37.414207277910066,-122.09210598556824,3
J418,37.41422013348249,-122.09178471687858,3
J419,37.41415526067007,-122.09136789249418,3
J420,37.41398389850297,-122.09083016822593,5
J421,37.414182273368816,-122.09084203917709,3
J422,37.41399668744902,-122.08990306866096,3
J423,37.41521484172507,-122.09456897060934,3
J424,37.41516485210163,-122.09412269268377,3
J425,37.41502478269427,-122.09374336284333,3
J426,37.41533517954615,-122.09546254600835,5
J427,37.41515779766282,-122.09492957051143,5
J428,37.41526456942219,-122.09571382883288,3
J429,37.41530005059694,-122.09613167079935,3
J430,37.41534599593192,-122.0966168492884,3
J431,37.39425856701563,-122.09765459011847,3
J432,37.393822055874224,-122.09678238265626,3
J433,37.39450009473802,-122.09687516709273,3
J434,37.39590257873249,-122.09859778091653,5
J435,37.39573397983965,-122.09820766069502,5
J436,37.39471491916857,-122.09796749120167,3
J437,37.3950646468951,-122.09766562537581,3
J438,37.3870100530409,-122.08446461822355,3
J439,37.405802405224975,-122.11197486025239,3
J440,37.403816831175725,-122.10618694004879,3
J441,37.38555544731693,-122.06218191670403,3
J442,37.38519460779222,-122.06097485107496,5
J443,37.387358886289846,-122.0611901262131,5
J444,37.40190842489143,-122.10872190456367,3
J445,37.408499339056974,-122.1130521141233,5
J446,37.4089907089447,-122.1136848952835,5
J447,37.40849949252403,-122.11050176998589,5
J448,37.40962765030873,-122.11185557154855,5
J449,37.40778953994632,-122.11080309669808,3
J450,37.40763915664977,-122.11088196809457,3
J451,37.407975951077916,-122.10937889129289,3
J452,37.40615937246017,-122.11098750492648,3
J453,37.40640363586334,-122.11136299674835,3
J454,37.40671514142205,-122.11126304026767,3
J455,37.40654715016727,-122.11171569962481,3
J456,37.399745500011605,-122.10936475014378,3
J457,37.40059239380207,-122.10782323639145,3
J458,37.40001565329065,-122.10895455998062,3
J459,37.39962465305704,-122.10904581609734,3
J460,37.39910598532716,-122.10874369215165,3
J461,37.399603818509405,-122.10826652429093,3
J462,37.40415270003617,-122.11471305001129,5
J463,37.404313977972066,-122.1149106450049,5
J464,37.403718888687756,-122.11574034379787,5
J465,37.40099957078279,-122.11078245826518,3
J466,37.40310913667625,-122.11072353111642,3
J467,37.404437522221414,-122.11404623382096,3
J468,37.40401577846565,-122.11317926564642,3
J469,37.4038742412488,-122.112669217174,3
J470,37.40340730888595,-122.11356022260574,3
J471,37.403268616977755,-122.11334275602508,3
J472,37.40294724382252,-122.11293537968173,3
J473,37.37717322542738,-122.06375496289435,3
J474,37.41539465245738,-122.08298008176503,5
J475,37.42962401721184,-122.07363885879211,3
J476,37.40980734997703,-122.07655105000042,3
J477,37.40918357506998,-122.07644203886059,3
J478,37.409313300051004,-122.07575849999962,3
J479,37.40886432962906,-122.07577274006532,3
J480,37.418331547567654,-122.06501917873253,3
J481,37.40922790821558,-122.06359197716745,3
J482,37.42003109601525,-122.0623784054368,3
J483,37.41932340003845,-122.06314055000315,3
J484,37.4193276015401,-122.0623023000211,3
J485,37.407156730231385,-122.06841741903135,4
J486,37.377591909860314,-122.06413081108985,5
J487,37.40559329991649,-122.06082065014428,5
J488,37.40602308628255,-122.0619108533008,5
J489,37.40571331236991,-122.0620254735031,5
J490,37.405757799578566,-122.06165860617816,5
J491,37.41257434087479,-122.09572634575972,3
J492,37.41260998937651,-122.09613848605358,3
J493,37.417618782452436,-122.06741773974369,5
J494,37.406486411679964,-122.1131488859008,5
J495,37.37377404138029,-122.0874840555627,3
J496,37.39978108331906,-122.08474594916429,5
J497,37.39964459727096,-122.08488641267552,5
J498,37.397051623997996,-122.0920182683806,5
J499,37.391963650398345,-122.09442697921592,3
J500,37.368745479025115,-122.08112999894276,4
J501,37.395082443685794,-122.09483639683826,3
J502,37.395590631112704,-122.09462282778719,3
J503,37.3946729433886,-122.09255270418494,3
J504,37.39691316506437,-122.0935040961819,3
J505,37.395083287996194,-122.09279274221949,3
J506,37.379274023938514,-122.0719832421695,3
J507,37.42282533397889,-122.06297621027637,4
J508,37.41895498520219,-122.06444698873699,3
J509,37.42417362779595,-122.07981663548989,3
J510,37.4252559095994,-122.07898732891324,3
J511,37.42527861356586,-122.08007362648578,3
J512,37.42714482003791,-122.0789466411685,3
J513,37.42054939524655,-122.06691460013245,3
J514,37.377306761219856,-122.07716460131365,3
J515,37.386863922682934,-122.08900586357652,3
J516,37.40683967562249,-122.11095443031978,3
J517,37.398098244031544,-122.09229633181647,3
J518,37.42647366227639,-122.09714863416389,3
J519,37.43142516169131,-122.09954369505022,3
J520,37.429487945128194,-122.09950218913286,3
J521,37.420473312722585,-122.08850579678113,5
J522,37.41941654697006,-122.0870327832948,5
J523,37.4192139999639,-122.06759764999732,3
J524,37.399548506672,-122.08610458813192,5
J525,37.39943241308427,-122.0861797965521,5
J526,37.3996909808381,-122.08647345371183,5
J527,37.399572527670905,-122.08654586982995,5
J528,37.39942648043144,-122.0852053854768,3
J529,37.399198375785176,-122.0849745054786,5
J530,37.39931567993212,-122.0843312333935,5
J531,37.39960332456011,-122.08303286013263,3
J532,37.39952615702655,-122.08369407926479,3
J533,37.39925209748214,-122.0864532216937,3
J534,37.39998112559504,-122.08671356990341,5
J535,37.400756880335315,-122.08583825599213,5
J536,37.40096334214324,-122.08580736223288,5
J537,37.41684627548119,-122.07667151131865,4
J538,37.40513268174946,-122.04962740898968,5
J539,37.410032182931744,-122.06463119750947,5
J540,37.40962857717882,-122.06603318814548,5
J541,37.409879869474224,-122.06637553557486,5
J542,37.37688507215471,-122.06288188923541,3
J543,37.38995229349253,-122.06020999270562,3
J544,37.389489546962494,-122.06004131682862,3
J545,37.40752162745101,-122.10574597284993,3
J546,37.409732399885854,-122.10452651500584,3
J547,37.42701190914542,-122.09877481419012,4
J548,37.36075205867711,-122.06830528671281,3
J549,37.38979588209245,-122.09557652502414,3
J550,37.39448186788593,-122.04923619548951,3
J551,37.39591536762915,-122.05013738462613,3
J552,37.39518691310317,-122.0505676354667,3
J553,37.396307082538925,-122.04954230361162,3
J554,37.39663401264803,-122.05009000593704,3
J555,37.3966118229966,-122.05132735383833,3
J556,37.39551450097448,-122.05178170018226,3
J557,37.397209573482776,-122.05115342095475,3
J558,37.39778695903003,-122.05085419695283,3
J559,37.39853720987879,-122.05058834010414,5
J560,37.39922462081975,-122.05130442513074,3
J561,37.39753797782624,-122.04942389575753,3
J562,37.39720992543431,-122.04841659778728,3
J563,37.40282224244959,-122.04965145000705,3
J564,37.40309573458972,-122.05027054607604,3
J565,37.40215002227732,-122.04919263308112,3
J566,37.40149493758088,-122.04948979963399,3
J567,37.40075415919421,-122.04982395119771,3
J568,37.40006729759518,-122.04929859417757,3
J569,37.400569232439416,-122.04817498468663,3
J570,37.39959081568719,-122.04750345853574,3
J571,37.39939034413918,-122.04780948367782,5
J572,37.39900762748004,-122.04602310517453,3
J573,37.39839985858857,-122.04641392255304,3
J574,37.39876260294432,-122.04788391671791,3
J575,37.39859507651136,-122.0472721899383,3
J576,37.39910871159538,-122.0494996067132,3
J577,37.39767861673524,-122.04782385922864,3
J578,37.39677820002308,-122.04885040002469,3
J579,37.39997372839967,-122.05136690924432,3
J580,37.40088779230948,-122.05084937277489,3
J581,37.402371437604536,-122.05047585193815,3
J582,37.40182155438324,-122.05039996682999,3
J583,37.40282554115164,-122.05181351777546,3
J584,37.40227988565697,-122.05198560535976,3
J585,37.40171618909321,-122.05218617379272,3
J586,37.40185134136144,-122.05288578336469,3
J587,37.40204839345057,-122.05365785920331,3
J588,37.40059437283503,-122.05278287337815,3
J589,37.40108981477819,-122.05505967930819,4
J590,37.40200635942217,-122.05494030367105,3
J591,37.40026553661856,-122.05389448825481,3
J592,37.399546697312296,-122.05364573524328,3
J593,37.39952826820114,-122.0546018199406,3
J594,37.39980420908575,-122.05474798623786,3
J595,37.40036086101326,-122.05680336629422,3
J596,37.39564292903623,-122.04676377782698,3
J597,37.39616281461251,-122.04683594339099,3
J598,37.396689801324484,-122.04642906755569,3
J599,37.397169210576195,-122.04626247329271,3
J600,37.39757819001638,-122.04623393122975,3
J601,37.39610506582115,-122.04758294777604,3
J602,37.39636114210556,-122.04810189363094,3
J603,37.396881362410326,-122.04775977436309,5
J604,37.39699531927342,-122.04677538755726,3
J605,37.3959845066907,-122.04884313922615,3
J606,37.395388540572405,-122.04822676385183,3
J607,37.395090219538766,-122.04776346608163,3
J608,37.39574739316348,-122.05502923745443,3
J609,37.39559874917265,-122.05647437292728,3
J610,37.38969745968409,-122.04704664824871,5
J611,37.41064835453233,-122.07195085665842,3
J612,37.39660207799032,-122.05465078794418,3
J613,37.397043176127895,-122.05493511016377,3
J614,37.39812920872699,-122.05349921826792,3
J615,37.39697533624907,-122.05593239022257,3
J616,37.39711151677121,-122.05692472174341,3
J617,37.410408445999884,-122.07199061819331,3
J618,37.380240615388814,-122.0741441188919,3
J619,37.40623822149987,-122.11282168521961,3
J620,37.40596599067387,-122.11241286128887,3
J621,37.40847526548521,-122.1097030027479,3
J622,37.40528029814611,-122.11441381563671,3
J623,37.40900355540761,-122.10648503796614,3
J624,37.40865005000821,-122.10640345001133,3
J625,37.408266373629175,-122.10498184433321,3
J626,37.40866115749698,-122.1056380863288,3
J627,37.39485305425612,-122.10057990657354,3
J628,37.394150107198634,-122.09930117852957,3
J629,37.39400099101907,-122.09997025189166,3
J630,37.39346635929127,-122.09912322094611,3
J631,37.39399436922816,-122.09863767806873,3
J632,37.397606934824346,-122.05883642459078,3
J633,37.39738619094835,-122.05783817048668,3
J634,37.40871556815869,-122.10967321315711,3
J635,37.40816287830001,-122.1088980714483,3
J636,37.40900002911957,-122.10996038754382,3
J637,37.407596400948485,-122.11216013685136,3
J638,37.408026602399545,-122.11159696519681,3
J639,37.40459889320979,-122.1164612025161,3
J640,37.406362150940794,-122.11078777662564,3
J641,37.398172250010994,-122.10579085004605,3
J642,37.390527174046134,-122.09403801301511,3
J643,37.39261826356768,-122.09687140825532,3
J644,37.39279429559155,-122.09695707020929,3
J645,37.39341935450591,-122.09758601341605,3
J646,37.39204319729724,-122.09619296946335,3
J647,37.391759250000675,-122.09711230001777,3
J648,37.39157174289664,-122.09619239475609,3
J649,37.39157860565198,-122.09676363208177,3
J650,37.3912339799277,-122.09639464743651,3
J651,37.390354084727534,-122.09662765814086,3
J652,37.39097188825063,-122.0960968032705,3
J653,37.393330901495524,-122.09596286192263,3
J654,37.3931222499775,-122.09592720013706,3
J655,37.392364300082434,-122.09606677034313,3
J656,37.38904252518199,-122.09554472242738,3
J657,37.38895398329456,-122.09483863306323,3
J658,37.38939418821161,-122.09506763048445,3
J659,37.38935941598228,-122.09558955487348,3
J660,37.39969795877383,-122.10742507707842,4
J661,37.3982577083401,-122.10699285559532,3
J662,37.39780997573778,-122.10582160720097,3
J663,37.39749325000899,-122.10518300001463,3
J664,37.39780287418252,-122.10512249230143,3
J665,37.40050591345268,-122.10252767410462,3
J666,37.40342090008332,-122.10120679992663,3
J667,37.41981299134972,-122.07109448116161,3
J668,37.419750817706266,-122.07025556283995,3
J669,37.43354780023262,-122.09828147488726,3
J670,37.432486214693164,-122.09814601595858,3
J671,37.43257877239463,-122.10002197469554,3
J672,37.432285815803525,-122.09728460023895,3
J673,37.43314021905452,-122.09718006081832,3
J674,37.4326698046817,-122.09693692574596,3
J675,37.43287971237626,-122.09885062181202,3
J676,37.4333231648457,-122.09880952684101,3
J677,37.433057870079445,-122.09837212313205,3
J678,37.43312368286158,-122.09927649811898,3
J679,37.4211634326791,-122.06381457532027,3
J680,37.421464058786206,-122.06447132500097,3
J681,37.42184065857044,-122.0648467244104,3
J682,37.42959373809319,-122.09911224596021,3
J683,37.42921219995752,-122.09855084993531,3
J684,37.42895316986836,-122.09865738785258,3
J685,37.42825905014018,-122.09846335004204,3
J686,37.42852917015712,-122.09903212946489,3
J687,37.428666539758325,-122.09975717569475,3
J688,37.42804758866974,-122.09950711482199,3
J689,37.42796141607618,-122.09857065888819,3
J690,37.426316529423396,-122.09774898997853,3
J691,37.42517252979517,-122.09712582530508,3
J692,37.42556589364947,-122.09778681394167,3
J693,37.41827175348457,-122.08412929953327,4
J694,37.40239966215836,-122.07774977023199,3
J695,37.40175114268422,-122.07771341664137,3
J696,37.40147860974677,-122.07716346368407,3
J697,37.411047720631665,-122.08801110096863,3
J698,37.37270114696196,-122.0887738384035,3
J699,37.37162384411592,-122.0886528626862,3
J700,37.371409101248005,-122.08791297536969,3
J701,37.39537387252127,-122.06979371040435,3
J702,37.39564244549528,-122.07014341803256,3
J703,37.39604484848126,-122.07160070563225,3
J704,37.39726140083845,-122.07112959077847,3
J705,37.39671380780923,-122.06964881489938,3
J706,37.396980059211195,-122.0733490587221,3
J707,37.39707749861598,-122.07170561053371,3
J708,37.39845971735705,-122.0747131861567,3
J709,37.367343241674966,-122.0863018252028,3
J710,37.367211050003924,-122.08633000000006,3
J711,37.36672767482417,-122.0859316868238,3
J712,37.37676379680138,-122.07514483541961,3
J713,37.377278453236734,-122.07473668124315,3
J714,37.37768309637122,-122.07478761039235,3
J715,37.37047361506363,-122.08444624672875,3
J716,37.36795637032989,-122.08499871050498,3
J717,37.388018421442304,-122.07364160348298,3
J718,37.388150691741565,-122.0733910881724,3
J719,37.3911999441799,-122.07347175471578,3
J720,37.39076109275726,-122.07372624984154,3
J721,37.3910622000325,-122.07382244997245,3
J722,37.390995627130806,-122.07412177241804,3
J723,37.390831120219296,-122.07173679171765,3
J724,37.39200275002084,-122.07274155001667,3
J725,37.39201329617324,-122.07045027138011,3
J726,37.393005676834164,-122.07288053150911,3
J727,37.39284129880058,-122.07717057191694,3
J728,37.39369916323929,-122.07760282593296,3
J729,37.39511249879559,-122.08143517731607,3
J730,37.37791355011771,-122.07392936669122,3
J731,37.380309499998724,-122.07369750006215,3
J732,37.37996431212322,-122.07374990682553,3
J733,37.37819840235675,-122.0712564172687,3
J734,37.38031800904251,-122.06989140928539,3
J735,37.37979489575255,-122.07035809069062,3
J736,37.37948936001261,-122.07029708692801,3
J737,37.379636045395515,-122.07001391014472,3
J738,37.379709547484715,-122.07069073211623,3
J739,37.37988989826253,-122.0711328145193,3
J740,37.38000451109788,-122.07069377253536,3
J741,37.38092470010455,-122.07010599982762,3
J742,37.38092723210455,-122.07354241415997,3
J743,37.38124820467737,-122.07387603828326,3
J744,37.381584417671135,-122.07355789614057,3
J745,37.38121387306165,-122.07314785664204,3
J746,37.381922986507426,-122.07535500469973,3
J747,37.38165128696857,-122.07492254599296,3
J748,37.381576460746885,-122.07468779315602,3
J749,37.38219680618127,-122.07545396629915,3
J750,37.38224751404856,-122.07587616237718,3
J751,37.38959082782462,-122.08405824963495,3
J752,37.36028657384245,-122.06458543042241,3
J753,37.38900423894003,-122.08290767563203,3
J754,37.40647202888241,-122.06421858287057,3
J755,37.40600693116693,-122.06522297109423,3
J756,37.3976491773953,-122.10562025970117,3
J757,37.3979396602504,-122.1054985530234,3
J758,37.408245395207445,-122.07773906291858,3
J759,37.40821089239657,-122.0778769858025,3
J760,37.38508656760059,-122.08187504385928,3
J761,37.385237500062196,-122.08222234996215,3
J762,37.38319561737819,-122.0779567948973,3
J763,37.38299595000213,-122.07763075006676,3
J764,37.4107653608784,-122.08425923013546,3
J765,37.411492635710864,-122.08399525311209,3
J766,37.41193361579536,-122.08435645027444,3
J767,37.372478601218425,-122.07888927143304,3
J768,37.37178226418136,-122.07821784502245,3
J769,37.372408302729774,-122.07865699661973,3
J770,37.372986248905,-122.07822668171335,3
J771,37.37524062695825,-122.07482739699408,3
J772,37.375073915448084,-122.07563459661328,3
J773,37.37346880669927,-122.07724038780975,3
J774,37.372012245330154,-122.0782374889491,3
J775,37.37000932692448,-122.08362290275372,3
J776,37.3683343155521,-122.08196742341971,3
J777,37.36839033797685,-122.08261039484968,3
J778,37.36687504456329,-122.07842280750063,3
J779,37.366350181105474,-122.0786376173909,3
J780,37.36653136402134,-122.07965186947666,3
J781,37.36692722494881,-122.07880150628507,3
J782,37.366879344917166,-122.07992288715948,3
J783,37.3669665234816,-122.08058944512173,3
J784,37.36694294120333,-122.08180741030665,3
J785,37.366761753282795,-122.08314323431787,3
J786,37.36681065147044,-122.08253997887496,3
J787,37.36680089356991,-122.08373921770347,3
J788,37.366753787373014,-122.0844225894179,3
J789,37.367248305556565,-122.08504687736297,3
J790,37.39384960015731,-122.06726419987655,3
J791,37.39330260363735,-122.06739580998818,3
